time,src,dst,proto,length
1719177344.582536,192.168.1.1,192.168.1.2,6,58
1719177344.582536,192.168.1.2,192.168.1.1,6,59
1719177344.582536,10.0.0.1,10.0.0.2,1,28
