time,src,dst,proto,length
0.0,192.168.1.1,192.168.1.2,1,0.9677419354838709
0.0,192.168.1.2,192.168.1.1,1,0.9999999999999999
0.0,10.0.0.1,10.0.0.2,0,0.0
